iter	MultiClass
0	1.084942111
1	1.070349168
2	1.062884109
3	1.051316538
4	1.043091187
5	1.035881987
6	1.032011615
7	1.022354085
8	1.006706073
9	1.000593185
